epoch,time,train/box_loss,train/cls_loss,train/dfl_loss,metrics/precision(B),metrics/recall(B),metrics/mAP50(B),metrics/mAP50-95(B),val/box_loss,val/cls_loss,val/dfl_loss,lr/pg0,lr/pg1,lr/pg2
1,4.59148,5.32748,26.3804,3.50128,0.0001,0.01786,6e-05,1e-05,5.37779,16.8327,3.66761,0.0865,0.0015,0.0015
2,8.94317,5.08131,9.33081,2.9965,0,0,0,0,4.87644,4.93337,2.78023,0.0720992,0.00309924,0.00309924
3,13.4676,4.18144,4.6542,1.98932,0.00095,0.05556,0.00077,0.00013,4.33089,3.86281,2.16678,0.0576954,0.00469541,0.00469541
4,18.6752,3.50991,3.37164,1.64594,0.10717,0.0733,0.02763,0.00634,3.60364,2.7818,1.64149,0.0432862,0.00628616,0.00628616
5,23.8068,3.08765,3.15325,1.45287,0.01388,0.15675,0.01565,0.00417,3.21834,4.47569,1.352,0.0288692,0.00786916,0.00786916
6,28.403,3.03241,4.36415,1.26813,0.30303,0.44048,0.10247,0.03255,2.99408,11.4017,1.34884,0.0144421,0.0094421,0.0094421
7,34.4394,2.74167,7.7407,1.32153,0.57746,0.0873,0.05719,0.01806,2.89768,54.2891,1.36516,0.00991232,0.00991232,0.00991232
8,39.2069,2.87646,5.15041,1.34244,0.55674,0.07143,0.10631,0.03013,2.92689,3.01785,1.32419,0.00988079,0.00988079,0.00988079
9,44.0594,2.70613,3.53936,1.30397,0.67222,0.08929,0.1685,0.05087,2.65322,2.67531,1.24892,0.00984449,0.00984449,0.00984449
10,49.1316,2.68449,2.65837,1.31251,0.12667,0.1746,0.12252,0.03685,2.96217,3.4469,1.27462,0.00980345,0.00980345,0.00980345
11,53.8708,2.52912,2.54688,1.27116,0.58176,0.125,0.21267,0.0531,2.75588,2.75446,1.28314,0.00975773,0.00975773,0.00975773
12,58.8755,2.60457,2.75368,1.26355,0.64769,0.34127,0.18405,0.05085,2.54976,5.1598,1.19719,0.00970736,0.00970736,0.00970736
13,63.5346,2.49845,2.31314,1.20161,0.69343,0.18254,0.15677,0.03658,2.84065,3.37352,1.28857,0.00965239,0.00965239,0.00965239
14,68.1202,2.69094,1.94782,1.36539,0.69075,0.19048,0.20733,0.05728,2.67655,3.85138,1.28664,0.00959289,0.00959289,0.00959289
15,73.0512,2.44496,2.32722,1.25198,0.52427,0.2996,0.33492,0.09706,2.44896,1.90266,1.23712,0.00952889,0.00952889,0.00952889
16,77.9993,2.44416,2.71412,1.18159,0.35478,0.36523,0.26576,0.06732,2.78002,1.89442,1.25033,0.00946048,0.00946048,0.00946048
17,82.6356,2.45337,1.83945,1.20102,0.3392,0.41616,0.34624,0.09124,2.59074,1.92206,1.25268,0.00938772,0.00938772,0.00938772
18,87.295,2.48026,1.71226,1.18866,0.40891,0.59237,0.39858,0.10249,2.42611,1.65801,1.20802,0.00931067,0.00931067,0.00931067
19,92.4307,2.29951,1.89364,1.16538,0.45166,0.51431,0.40248,0.11014,2.41158,1.76483,1.18081,0.00922942,0.00922942,0.00922942
20,97.4307,2.32297,1.87537,1.16163,0.39957,0.53839,0.39994,0.10518,2.53288,2.44115,1.23639,0.00914405,0.00914405,0.00914405
21,102.084,2.32082,1.82612,1.12912,0.43535,0.60389,0.41358,0.11141,2.53456,3.1931,1.19455,0.00905463,0.00905463,0.00905463
22,107.237,2.36804,1.75279,1.14793,0.34943,0.57937,0.42441,0.11312,2.33661,3.18345,1.13506,0.00896127,0.00896127,0.00896127
23,112.499,2.20661,1.67957,1.1105,0.54432,0.55952,0.55747,0.16795,2.42417,1.98493,1.16796,0.00886404,0.00886404,0.00886404
24,117.863,2.45175,1.65215,1.14666,0.50792,0.58333,0.54803,0.17893,2.33301,1.54098,1.12554,0.00876305,0.00876305,0.00876305
25,123.114,2.32138,1.59852,1.15195,0.39124,0.65079,0.52717,0.13892,2.36065,2.99667,1.17724,0.00865839,0.00865839,0.00865839
26,127.863,2.29687,1.61202,1.15118,0.36978,0.6177,0.49009,0.13707,2.50503,1.61978,1.2218,0.00855018,0.00855018,0.00855018
27,132.595,2.38789,1.42704,1.16481,0.33972,0.59524,0.44073,0.12451,2.62113,1.85681,1.20247,0.00843851,0.00843851,0.00843851
28,137.361,2.30598,1.43344,1.13931,0.55883,0.53631,0.53609,0.15866,2.42815,1.98684,1.17325,0.00832349,0.00832349,0.00832349
29,141.989,2.21799,1.50167,1.1047,0.43149,0.52778,0.45389,0.13864,2.3744,1.73152,1.15653,0.00820525,0.00820525,0.00820525
30,146.704,2.30698,1.40014,1.13909,0.42479,0.66468,0.49071,0.16009,2.42687,1.46609,1.14825,0.00808389,0.00808389,0.00808389
31,151.359,2.30959,1.34016,1.12789,0.70805,0.69841,0.66697,0.21522,2.24297,1.43826,1.15234,0.00795954,0.00795954,0.00795954
32,156.517,2.22447,1.36937,1.14657,0.59655,0.80754,0.68068,0.21373,2.29223,1.48148,1.12849,0.00783231,0.00783231,0.00783231
33,161.519,2.10962,1.34587,1.1121,0.62117,0.65079,0.62585,0.21442,2.19102,1.50083,1.08991,0.00770234,0.00770234,0.00770234
34,166.168,2.18329,1.27927,1.10774,0.43007,0.48413,0.43013,0.14435,2.59072,1.4835,1.15832,0.00756976,0.00756976,0.00756976
35,170.761,2.291,1.3876,1.10006,0.40268,0.57015,0.48731,0.1434,2.50148,1.43302,1.14657,0.00743468,0.00743468,0.00743468
36,175.523,2.22228,1.29659,1.15184,0.65771,0.57937,0.62356,0.18147,2.37174,1.41411,1.1418,0.00729725,0.00729725,0.00729725
37,180.19,2.17361,1.31553,1.08434,0.5443,0.60723,0.50152,0.16647,2.3322,1.52073,1.14063,0.00715761,0.00715761,0.00715761
38,184.876,2.145,1.25611,1.1152,0.5512,0.6746,0.56013,0.17682,2.25256,1.41556,1.14424,0.00701588,0.00701588,0.00701588
39,189.523,2.11656,1.26164,1.12534,0.5787,0.61336,0.59413,0.19162,2.28645,1.6005,1.15455,0.00687222,0.00687222,0.00687222
40,194.203,2.21532,1.23768,1.10261,0.4862,0.73992,0.56262,0.18221,2.23568,1.50141,1.13459,0.00672675,0.00672675,0.00672675
41,199.022,1.99945,1.22211,1.07675,0.581,0.72817,0.62425,0.22008,2.28093,1.38686,1.1498,0.00657963,0.00657963,0.00657963
42,204.222,2.05769,1.20995,1.12248,0.5427,0.67659,0.58615,0.20897,2.28343,1.50181,1.14514,0.00643101,0.00643101,0.00643101
43,208.842,1.92018,1.16584,1.03025,0.63379,0.60913,0.61714,0.22751,2.33304,1.28807,1.15659,0.00628101,0.00628101,0.00628101
44,213.873,2.03798,1.15699,1.05882,0.68897,0.77386,0.71488,0.22598,2.33491,1.26662,1.1562,0.00612981,0.00612981,0.00612981
45,219.193,2.12058,1.12283,1.06738,0.69901,0.67063,0.62495,0.20919,2.39123,1.28357,1.16672,0.00597754,0.00597754,0.00597754
46,224.065,2.03878,1.1776,1.07307,0.69677,0.6602,0.6073,0.18537,2.46111,1.26558,1.1764,0.00582435,0.00582435,0.00582435
47,228.748,1.97653,1.18796,1.06279,0.64853,0.73016,0.65187,0.22477,2.34668,1.28095,1.1753,0.0056704,0.0056704,0.0056704
48,233.658,1.79679,1.10895,1.00068,0.6338,0.72024,0.68322,0.22946,2.248,1.29298,1.15183,0.00551584,0.00551584,0.00551584
49,238.515,1.93946,1.11258,1.06333,0.6864,0.73016,0.67647,0.2219,2.25011,1.29395,1.15196,0.00536081,0.00536081,0.00536081
50,243.435,2.0596,1.21122,1.05785,0.59801,0.76587,0.69487,0.24002,2.29435,1.32533,1.15478,0.00520548,0.00520548,0.00520548
51,248.68,1.93395,1.16261,0.99547,0.65195,0.78175,0.67193,0.23469,2.22288,1.23676,1.11166,0.00505,0.00505,0.00505
52,253.452,2.01198,1.11759,1.05911,0.64082,0.76067,0.65229,0.22849,2.27011,1.23268,1.12416,0.00489452,0.00489452,0.00489452
53,258.089,1.88256,1.05913,1.01575,0.65386,0.7996,0.68356,0.22831,2.22077,1.19937,1.11766,0.00473919,0.00473919,0.00473919
54,262.732,1.91752,1.16615,1.00995,0.60392,0.75198,0.61601,0.1945,2.32647,1.23377,1.14966,0.00458416,0.00458416,0.00458416
55,267.339,1.92464,1.06892,1.03577,0.62087,0.71429,0.63511,0.21147,2.24757,1.20363,1.14906,0.0044296,0.0044296,0.0044296
56,272.022,1.88577,1.13873,1.04156,0.58854,0.71048,0.61316,0.212,2.2491,1.29757,1.136,0.00427565,0.00427565,0.00427565
57,276.626,1.86162,1.10335,1.01778,0.61161,0.68559,0.58567,0.19473,2.25816,1.21812,1.14248,0.00412246,0.00412246,0.00412246
58,281.293,1.9469,1.13396,1.02908,0.63442,0.66843,0.5732,0.18145,2.40756,1.22908,1.15014,0.00397019,0.00397019,0.00397019
59,285.945,1.81457,1.04572,1.01873,0.65736,0.66468,0.61195,0.22422,2.33862,1.23042,1.14293,0.00381899,0.00381899,0.00381899
60,290.674,1.86462,1.09578,1.00597,0.61027,0.62698,0.55951,0.1862,2.35983,1.21862,1.12953,0.00366899,0.00366899,0.00366899
61,295.421,1.80673,1.04902,0.96868,0.67439,0.64484,0.60544,0.22081,2.26754,1.25947,1.11701,0.00352037,0.00352037,0.00352037
62,300.115,1.8262,1.01648,1.00824,0.68803,0.61349,0.61199,0.22114,2.268,1.30764,1.12155,0.00337325,0.00337325,0.00337325
63,304.987,1.77887,1.01956,1.01312,0.7156,0.67698,0.65222,0.2332,2.20405,1.22719,1.12016,0.00322778,0.00322778,0.00322778
64,309.645,1.78785,0.99945,0.99278,0.64694,0.66865,0.62911,0.22335,2.21437,1.23115,1.12212,0.00308412,0.00308412,0.00308412
65,314.353,1.7974,1.02394,0.95966,0.64944,0.712,0.67541,0.25299,2.16839,1.26367,1.11153,0.00294239,0.00294239,0.00294239
66,319.934,1.68984,0.95552,1.00526,0.65966,0.71627,0.67028,0.24109,2.21743,1.28601,1.12158,0.00280275,0.00280275,0.00280275
67,324.589,1.79149,0.99125,0.98381,0.57749,0.73509,0.63394,0.2071,2.21728,1.30256,1.11843,0.00266532,0.00266532,0.00266532
68,329.234,1.77435,0.97493,0.98869,0.58681,0.69554,0.62414,0.22081,2.15957,1.25698,1.10903,0.00253024,0.00253024,0.00253024
69,333.814,1.87629,1.20168,1.0005,0.60803,0.65476,0.58361,0.2177,2.2181,1.23612,1.11649,0.00239766,0.00239766,0.00239766
70,338.53,1.6431,0.92843,0.95669,0.61406,0.65476,0.61313,0.2226,2.22929,1.21153,1.11509,0.00226769,0.00226769,0.00226769
71,343.328,1.83168,1.01793,0.98327,0.61052,0.6369,0.6002,0.23288,2.2115,1.17655,1.0932,0.00214046,0.00214046,0.00214046
72,348.11,1.66731,1.00288,0.96523,0.65082,0.64777,0.60174,0.22471,2.29581,1.22663,1.10735,0.00201611,0.00201611,0.00201611
73,352.772,1.70695,0.95432,0.97449,0.63292,0.67063,0.60557,0.24404,2.2636,1.22296,1.11468,0.00189475,0.00189475,0.00189475
74,357.582,1.60834,0.9207,0.9623,0.66702,0.68091,0.63728,0.2423,2.27409,1.23823,1.1244,0.00177651,0.00177651,0.00177651
75,362.346,1.50563,0.8581,0.9046,0.63566,0.69643,0.64148,0.2389,2.29812,1.24824,1.11129,0.00166149,0.00166149,0.00166149
76,367.035,1.59866,0.90805,0.96759,0.66448,0.68056,0.65389,0.23925,2.29282,1.24396,1.11029,0.00154982,0.00154982,0.00154982
77,371.712,1.56803,0.88121,0.95435,0.679,0.65278,0.63832,0.24114,2.30127,1.25031,1.11665,0.00144161,0.00144161,0.00144161
78,376.414,1.55264,0.89698,0.93211,0.66778,0.69841,0.64602,0.2456,2.25869,1.24571,1.10622,0.00133695,0.00133695,0.00133695
79,381.132,1.61599,0.88328,0.95744,0.67428,0.73214,0.67468,0.261,2.18824,1.20585,1.09215,0.00123596,0.00123596,0.00123596
80,386.248,1.65854,0.85394,0.9655,0.67457,0.7091,0.64693,0.25873,2.22353,1.21304,1.09529,0.00113873,0.00113873,0.00113873
81,390.888,1.6051,0.86176,0.96084,0.66996,0.67768,0.64654,0.24672,2.26414,1.22237,1.10055,0.00104537,0.00104537,0.00104537
82,395.743,1.66535,0.88821,0.97586,0.59859,0.67857,0.66585,0.24685,2.21627,1.20971,1.10046,0.000955951,0.000955951,0.000955951
83,400.43,1.5951,0.88252,0.9657,0.60803,0.6923,0.66756,0.26342,2.19216,1.18897,1.10296,0.000870577,0.000870577,0.000870577
84,405.603,1.5302,0.83645,0.91644,0.68798,0.66931,0.69428,0.27509,2.17672,1.19632,1.09805,0.000789327,0.000789327,0.000789327
85,410.726,1.69645,0.8787,0.98503,0.73297,0.66154,0.7019,0.27526,2.18251,1.21963,1.09821,0.000712282,0.000712282,0.000712282
86,416.002,1.67129,1.06021,0.97457,0.73523,0.68254,0.70291,0.27391,2.2113,1.21946,1.10295,0.000639518,0.000639518,0.000639518
87,420.828,1.60083,0.85584,0.95187,0.71011,0.64683,0.6477,0.24588,2.24227,1.24788,1.10222,0.000571106,0.000571106,0.000571106
88,425.836,1.52698,0.8651,0.9377,0.7449,0.64683,0.67437,0.24622,2.2488,1.22614,1.10066,0.000507115,0.000507115,0.000507115
89,430.69,1.52037,0.83932,0.92451,0.73952,0.66468,0.67607,0.24512,2.2483,1.22489,1.10325,0.000447606,0.000447606,0.000447606
90,435.614,1.60749,0.83961,0.96695,0.73037,0.66468,0.70556,0.24948,2.24843,1.2014,1.10387,0.00039264,0.00039264,0.00039264
91,440.417,1.68598,0.93662,0.97885,0.72302,0.68764,0.70864,0.25701,2.215,1.18639,1.10551,0.00034227,0.00034227,0.00034227
92,445.319,1.57562,0.90764,0.92359,0.68136,0.68056,0.68016,0.24768,2.2391,1.198,1.11028,0.000296546,0.000296546,0.000296546
93,450.237,1.56292,0.91369,0.95364,0.70333,0.69841,0.70582,0.24421,2.25304,1.20139,1.11379,0.000255513,0.000255513,0.000255513
94,455.149,1.58147,0.84022,0.96027,0.70662,0.69841,0.70178,0.23693,2.25862,1.22149,1.11398,0.000219212,0.000219212,0.000219212
95,460.183,1.53539,0.83888,0.95109,0.70816,0.69841,0.7113,0.2417,2.26023,1.22709,1.11729,0.000187678,0.000187678,0.000187678
96,464.921,1.66337,0.89413,0.97022,0.67923,0.68056,0.67047,0.23701,2.26266,1.22699,1.11522,0.000160943,0.000160943,0.000160943
97,469.731,1.61913,0.86833,0.95,0.70809,0.69841,0.70532,0.24535,2.27101,1.21715,1.11473,0.000139032,0.000139032,0.000139032
98,474.484,1.42161,0.80556,0.88564,0.7159,0.69841,0.70559,0.24695,2.25627,1.2039,1.11305,0.000121968,0.000121968,0.000121968
99,479.255,1.50391,0.83269,0.92147,0.71679,0.69841,0.70604,0.24989,2.24462,1.19744,1.10868,0.000109768,0.000109768,0.000109768
100,484.034,1.58668,0.88937,0.93169,0.72679,0.69841,0.70236,0.24979,2.24772,1.20803,1.10971,0.000102443,0.000102443,0.000102443
1,4.81364,5.32748,26.3804,3.50128,0.0001,0.01786,6e-05,1e-05,5.37779,16.8327,3.66761,0.0865,0.0015,0.0015
2,10.3512,5.08131,9.33081,2.9965,0,0,0,0,4.87644,4.93337,2.78023,0.0720992,0.00309924,0.00309924
3,14.9626,4.18144,4.6542,1.98932,0.00095,0.05556,0.00077,0.00013,4.33089,3.86281,2.16678,0.0576954,0.00469541,0.00469541
4,19.9456,3.50991,3.37164,1.64594,0.10717,0.0733,0.02763,0.00634,3.60364,2.7818,1.64149,0.0432862,0.00628616,0.00628616
5,24.8763,3.08765,3.15325,1.45287,0.01388,0.15675,0.01565,0.00417,3.21834,4.47569,1.352,0.0288692,0.00786916,0.00786916
6,29.4023,3.03241,4.36415,1.26813,0.30303,0.44048,0.10247,0.03255,2.99408,11.4017,1.34884,0.0144421,0.0094421,0.0094421
7,34.2941,2.74167,7.7407,1.32153,0.57746,0.0873,0.05719,0.01806,2.89768,54.2891,1.36516,0.00991232,0.00991232,0.00991232
8,38.8688,2.87646,5.15041,1.34244,0.55674,0.07143,0.10631,0.03013,2.92689,3.01785,1.32419,0.00988079,0.00988079,0.00988079
9,43.35,2.70613,3.53936,1.30397,0.67222,0.08929,0.1685,0.05087,2.65322,2.67531,1.24892,0.00984449,0.00984449,0.00984449
10,48.3747,2.68449,2.65837,1.31251,0.12667,0.1746,0.12252,0.03685,2.96217,3.4469,1.27462,0.00980345,0.00980345,0.00980345
11,52.8796,2.52912,2.54688,1.27116,0.58176,0.125,0.21267,0.0531,2.75588,2.75446,1.28314,0.00975773,0.00975773,0.00975773
12,58.4126,2.60457,2.75368,1.26355,0.64769,0.34127,0.18405,0.05085,2.54976,5.1598,1.19719,0.00970736,0.00970736,0.00970736
13,63.0718,2.49845,2.31314,1.20161,0.69343,0.18254,0.15677,0.03658,2.84065,3.37352,1.28857,0.00965239,0.00965239,0.00965239
14,67.6162,2.69094,1.94782,1.36539,0.69075,0.19048,0.20733,0.05728,2.67655,3.85138,1.28664,0.00959289,0.00959289,0.00959289
15,72.8512,2.44496,2.32722,1.25198,0.52427,0.2996,0.33492,0.09706,2.44896,1.90266,1.23712,0.00952889,0.00952889,0.00952889
16,77.874,2.44416,2.71412,1.18159,0.35478,0.36523,0.26576,0.06732,2.78002,1.89442,1.25033,0.00946048,0.00946048,0.00946048
17,82.6276,2.45337,1.83945,1.20102,0.3392,0.41616,0.34624,0.09124,2.59074,1.92206,1.25268,0.00938772,0.00938772,0.00938772
18,87.4091,2.48026,1.71226,1.18866,0.40891,0.59237,0.39858,0.10249,2.42611,1.65801,1.20802,0.00931067,0.00931067,0.00931067
19,92.4032,2.29951,1.89364,1.16538,0.45166,0.51431,0.40248,0.11014,2.41158,1.76483,1.18081,0.00922942,0.00922942,0.00922942
20,97.4483,2.32297,1.87537,1.16163,0.39957,0.53839,0.39994,0.10518,2.53288,2.44115,1.23639,0.00914405,0.00914405,0.00914405
21,102.17,2.32082,1.82612,1.12912,0.43535,0.60389,0.41358,0.11141,2.53456,3.1931,1.19455,0.00905463,0.00905463,0.00905463
22,107.686,2.36804,1.75279,1.14793,0.34943,0.57937,0.42441,0.11312,2.33661,3.18345,1.13506,0.00896127,0.00896127,0.00896127
23,113.119,2.20661,1.67957,1.1105,0.54432,0.55952,0.55747,0.16795,2.42417,1.98493,1.16796,0.00886404,0.00886404,0.00886404
24,118.424,2.45175,1.65215,1.14666,0.50792,0.58333,0.54803,0.17893,2.33301,1.54098,1.12554,0.00876305,0.00876305,0.00876305
25,123.841,2.32138,1.59852,1.15195,0.39124,0.65079,0.52717,0.13892,2.36065,2.99667,1.17724,0.00865839,0.00865839,0.00865839
26,128.445,2.29687,1.61202,1.15118,0.36978,0.6177,0.49009,0.13707,2.50503,1.61978,1.2218,0.00855018,0.00855018,0.00855018
27,133.052,2.38789,1.42704,1.16481,0.33972,0.59524,0.44073,0.12451,2.62113,1.85681,1.20247,0.00843851,0.00843851,0.00843851
28,137.63,2.30598,1.43344,1.13931,0.55883,0.53631,0.53609,0.15866,2.42815,1.98684,1.17325,0.00832349,0.00832349,0.00832349
29,142.221,2.21799,1.50167,1.1047,0.43149,0.52778,0.45389,0.13864,2.3744,1.73152,1.15653,0.00820525,0.00820525,0.00820525
30,146.82,2.30698,1.40014,1.13909,0.42479,0.66468,0.49071,0.16009,2.42687,1.46609,1.14825,0.00808389,0.00808389,0.00808389
31,151.384,2.30959,1.34016,1.12789,0.70805,0.69841,0.66697,0.21522,2.24297,1.43826,1.15234,0.00795954,0.00795954,0.00795954
32,156.791,2.22447,1.36937,1.14657,0.59655,0.80754,0.68068,0.21373,2.29223,1.48148,1.12849,0.00783231,0.00783231,0.00783231
33,161.793,2.10962,1.34587,1.1121,0.62117,0.65079,0.62585,0.21442,2.19102,1.50083,1.08991,0.00770234,0.00770234,0.00770234
34,166.482,2.18329,1.27927,1.10774,0.43007,0.48413,0.43013,0.14435,2.59072,1.4835,1.15832,0.00756976,0.00756976,0.00756976
35,171.328,2.291,1.3876,1.10006,0.40268,0.57015,0.48731,0.1434,2.50148,1.43302,1.14657,0.00743468,0.00743468,0.00743468
36,175.892,2.22228,1.29659,1.15184,0.65771,0.57937,0.62356,0.18147,2.37174,1.41411,1.1418,0.00729725,0.00729725,0.00729725
37,180.603,2.17361,1.31553,1.08434,0.5443,0.60723,0.50152,0.16647,2.3322,1.52073,1.14063,0.00715761,0.00715761,0.00715761
38,185.43,2.145,1.25611,1.1152,0.5512,0.6746,0.56013,0.17682,2.25256,1.41556,1.14424,0.00701588,0.00701588,0.00701588
39,190.108,2.11656,1.26164,1.12534,0.5787,0.61336,0.59413,0.19162,2.28645,1.6005,1.15455,0.00687222,0.00687222,0.00687222
40,194.754,2.21532,1.23768,1.10261,0.4862,0.73992,0.56262,0.18221,2.23568,1.50141,1.13459,0.00672675,0.00672675,0.00672675
41,199.414,1.99945,1.22211,1.07675,0.581,0.72817,0.62425,0.22008,2.28093,1.38686,1.1498,0.00657963,0.00657963,0.00657963
42,204.821,2.05769,1.20995,1.12248,0.5427,0.67659,0.58615,0.20897,2.28343,1.50181,1.14514,0.00643101,0.00643101,0.00643101
43,209.385,1.92018,1.16584,1.03025,0.63379,0.60913,0.61714,0.22751,2.33304,1.28807,1.15659,0.00628101,0.00628101,0.00628101
44,214.518,2.03798,1.15699,1.05882,0.68897,0.77386,0.71488,0.22598,2.33491,1.26662,1.1562,0.00612981,0.00612981,0.00612981
45,219.695,2.12058,1.12283,1.06738,0.69901,0.67063,0.62495,0.20919,2.39123,1.28357,1.16672,0.00597754,0.00597754,0.00597754
46,224.471,2.03878,1.1776,1.07307,0.69677,0.6602,0.6073,0.18537,2.46111,1.26558,1.1764,0.00582435,0.00582435,0.00582435
47,229.496,1.97653,1.18796,1.06279,0.64853,0.73016,0.65187,0.22477,2.34668,1.28095,1.1753,0.0056704,0.0056704,0.0056704
48,234.264,1.79679,1.10895,1.00068,0.6338,0.72024,0.68322,0.22946,2.248,1.29298,1.15183,0.00551584,0.00551584,0.00551584
49,238.972,1.93946,1.11258,1.06333,0.6864,0.73016,0.67647,0.2219,2.25011,1.29395,1.15196,0.00536081,0.00536081,0.00536081
50,243.752,2.0596,1.21122,1.05785,0.59801,0.76587,0.69487,0.24002,2.29435,1.32533,1.15478,0.00520548,0.00520548,0.00520548
51,248.882,1.93395,1.16261,0.99547,0.65195,0.78175,0.67193,0.23469,2.22288,1.23676,1.11166,0.00505,0.00505,0.00505
52,253.888,2.01198,1.11759,1.05911,0.64082,0.76067,0.65229,0.22849,2.27011,1.23268,1.12416,0.00489452,0.00489452,0.00489452
53,258.493,1.88256,1.05913,1.01575,0.65386,0.7996,0.68356,0.22831,2.22077,1.19937,1.11766,0.00473919,0.00473919,0.00473919
54,263.145,1.91752,1.16615,1.00995,0.60392,0.75198,0.61601,0.1945,2.32647,1.23377,1.14966,0.00458416,0.00458416,0.00458416
55,267.838,1.92464,1.06892,1.03577,0.62087,0.71429,0.63511,0.21147,2.24757,1.20363,1.14906,0.0044296,0.0044296,0.0044296
56,272.766,1.88577,1.13873,1.04156,0.58854,0.71048,0.61316,0.212,2.2491,1.29757,1.136,0.00427565,0.00427565,0.00427565
57,277.479,1.86162,1.10335,1.01778,0.61161,0.68559,0.58567,0.19473,2.25816,1.21812,1.14248,0.00412246,0.00412246,0.00412246
58,282.097,1.9469,1.13396,1.02908,0.63442,0.66843,0.5732,0.18145,2.40756,1.22908,1.15014,0.00397019,0.00397019,0.00397019
59,286.829,1.81457,1.04572,1.01873,0.65736,0.66468,0.61195,0.22422,2.33862,1.23042,1.14293,0.00381899,0.00381899,0.00381899
60,291.354,1.86462,1.09578,1.00597,0.61027,0.62698,0.55951,0.1862,2.35983,1.21862,1.12953,0.00366899,0.00366899,0.00366899
61,295.882,1.80673,1.04902,0.96868,0.67439,0.64484,0.60544,0.22081,2.26754,1.25947,1.11701,0.00352037,0.00352037,0.00352037
62,300.867,1.8262,1.01648,1.00824,0.68803,0.61349,0.61199,0.22114,2.268,1.30764,1.12155,0.00337325,0.00337325,0.00337325
63,305.37,1.77887,1.01956,1.01312,0.7156,0.67698,0.65222,0.2332,2.20405,1.22719,1.12016,0.00322778,0.00322778,0.00322778
64,310.01,1.78785,0.99945,0.99278,0.64694,0.66865,0.62911,0.22335,2.21437,1.23115,1.12212,0.00308412,0.00308412,0.00308412
65,314.601,1.7974,1.02394,0.95966,0.64944,0.712,0.67541,0.25299,2.16839,1.26367,1.11153,0.00294239,0.00294239,0.00294239
66,319.731,1.68984,0.95552,1.00526,0.65966,0.71627,0.67028,0.24109,2.21743,1.28601,1.12158,0.00280275,0.00280275,0.00280275
67,324.348,1.79149,0.99125,0.98381,0.57749,0.73509,0.63394,0.2071,2.21728,1.30256,1.11843,0.00266532,0.00266532,0.00266532
68,329.164,1.77435,0.97493,0.98869,0.58681,0.69554,0.62414,0.22081,2.15957,1.25698,1.10903,0.00253024,0.00253024,0.00253024
69,333.897,1.87629,1.20168,1.0005,0.60803,0.65476,0.58361,0.2177,2.2181,1.23612,1.11649,0.00239766,0.00239766,0.00239766
70,338.617,1.6431,0.92843,0.95669,0.61406,0.65476,0.61313,0.2226,2.22929,1.21153,1.11509,0.00226769,0.00226769,0.00226769
71,343.343,1.83168,1.01793,0.98327,0.61052,0.6369,0.6002,0.23288,2.2115,1.17655,1.0932,0.00214046,0.00214046,0.00214046
72,348.451,1.66731,1.00288,0.96523,0.65082,0.64777,0.60174,0.22471,2.29581,1.22663,1.10735,0.00201611,0.00201611,0.00201611
73,353.118,1.70695,0.95432,0.97449,0.63292,0.67063,0.60557,0.24404,2.2636,1.22296,1.11468,0.00189475,0.00189475,0.00189475
74,357.791,1.60834,0.9207,0.9623,0.66702,0.68091,0.63728,0.2423,2.27409,1.23823,1.1244,0.00177651,0.00177651,0.00177651
75,362.313,1.50563,0.8581,0.9046,0.63566,0.69643,0.64148,0.2389,2.29812,1.24824,1.11129,0.00166149,0.00166149,0.00166149
76,367.036,1.59866,0.90805,0.96759,0.66448,0.68056,0.65389,0.23925,2.29282,1.24396,1.11029,0.00154982,0.00154982,0.00154982
77,371.919,1.56803,0.88121,0.95435,0.679,0.65278,0.63832,0.24114,2.30127,1.25031,1.11665,0.00144161,0.00144161,0.00144161
78,376.792,1.55264,0.89698,0.93211,0.66778,0.69841,0.64602,0.2456,2.25869,1.24571,1.10622,0.00133695,0.00133695,0.00133695
79,382.062,1.61599,0.88328,0.95744,0.67428,0.73214,0.67468,0.261,2.18824,1.20585,1.09215,0.00123596,0.00123596,0.00123596
80,387.418,1.65854,0.85394,0.9655,0.67457,0.7091,0.64693,0.25873,2.22353,1.21304,1.09529,0.00113873,0.00113873,0.00113873
81,392.316,1.6051,0.86176,0.96084,0.66996,0.67768,0.64654,0.24672,2.26414,1.22237,1.10055,0.00104537,0.00104537,0.00104537
82,399.031,1.66535,0.88821,0.97586,0.59859,0.67857,0.66585,0.24685,2.21627,1.20971,1.10046,0.000955951,0.000955951,0.000955951
83,404.034,1.5951,0.88252,0.9657,0.60803,0.6923,0.66756,0.26342,2.19216,1.18897,1.10296,0.000870577,0.000870577,0.000870577
84,409.553,1.5302,0.83645,0.91644,0.68798,0.66931,0.69428,0.27509,2.17672,1.19632,1.09805,0.000789327,0.000789327,0.000789327
85,415.358,1.69645,0.8787,0.98503,0.73297,0.66154,0.7019,0.27526,2.18251,1.21963,1.09821,0.000712282,0.000712282,0.000712282
86,421.401,1.67129,1.06021,0.97457,0.73523,0.68254,0.70291,0.27391,2.2113,1.21946,1.10295,0.000639518,0.000639518,0.000639518
87,426.406,1.60083,0.85584,0.95187,0.71011,0.64683,0.6477,0.24588,2.24227,1.24788,1.10222,0.000571106,0.000571106,0.000571106
88,433.532,1.52698,0.8651,0.9377,0.7449,0.64683,0.67437,0.24622,2.2488,1.22614,1.10066,0.000507115,0.000507115,0.000507115
89,438.489,1.52037,0.83932,0.92451,0.73952,0.66468,0.67607,0.24512,2.2483,1.22489,1.10325,0.000447606,0.000447606,0.000447606
90,443.5,1.60749,0.83961,0.96695,0.73037,0.66468,0.70556,0.24948,2.24843,1.2014,1.10387,0.00039264,0.00039264,0.00039264
91,448.539,1.68598,0.93662,0.97885,0.72302,0.68764,0.70864,0.25701,2.215,1.18639,1.10551,0.00034227,0.00034227,0.00034227
92,454.118,1.57562,0.90764,0.92359,0.68136,0.68056,0.68016,0.24768,2.2391,1.198,1.11028,0.000296546,0.000296546,0.000296546
93,459.18,1.56292,0.91369,0.95364,0.70333,0.69841,0.70582,0.24421,2.25304,1.20139,1.11379,0.000255513,0.000255513,0.000255513
94,464.288,1.58147,0.84022,0.96027,0.70662,0.69841,0.70178,0.23693,2.25862,1.22149,1.11398,0.000219212,0.000219212,0.000219212
95,471.437,1.53539,0.83888,0.95109,0.70816,0.69841,0.7113,0.2417,2.26023,1.22709,1.11729,0.000187678,0.000187678,0.000187678
96,476.633,1.66337,0.89413,0.97022,0.67923,0.68056,0.67047,0.23701,2.26266,1.22699,1.11522,0.000160943,0.000160943,0.000160943
97,481.635,1.61913,0.86833,0.95,0.70809,0.69841,0.70532,0.24535,2.27101,1.21715,1.11473,0.000139032,0.000139032,0.000139032
98,486.595,1.42161,0.80556,0.88564,0.7159,0.69841,0.70559,0.24695,2.25627,1.2039,1.11305,0.000121968,0.000121968,0.000121968
99,491.531,1.50391,0.83269,0.92147,0.71679,0.69841,0.70604,0.24989,2.24462,1.19744,1.10868,0.000109768,0.000109768,0.000109768
100,496.57,1.58668,0.88937,0.93169,0.72679,0.69841,0.70236,0.24979,2.24772,1.20803,1.10971,0.000102443,0.000102443,0.000102443
1,4.71814,5.32748,26.3804,3.50128,0.0001,0.01786,6e-05,1e-05,5.37779,16.8327,3.66761,0.0865,0.0015,0.0015
2,10.4118,5.08131,9.33081,2.9965,0,0,0,0,4.87644,4.93337,2.78023,0.0720992,0.00309924,0.00309924
3,15.2597,4.18144,4.6542,1.98932,0.00095,0.05556,0.00077,0.00013,4.33089,3.86281,2.16678,0.0576954,0.00469541,0.00469541
4,20.5505,3.50991,3.37164,1.64594,0.10717,0.0733,0.02763,0.00634,3.60364,2.7818,1.64149,0.0432862,0.00628616,0.00628616
5,25.7114,3.08765,3.15325,1.45287,0.01388,0.15675,0.01565,0.00417,3.21834,4.47569,1.352,0.0288692,0.00786916,0.00786916
6,30.639,3.03241,4.36415,1.26813,0.30303,0.44048,0.10247,0.03255,2.99408,11.4017,1.34884,0.0144421,0.0094421,0.0094421
7,35.8187,2.74167,7.7407,1.32153,0.57746,0.0873,0.05719,0.01806,2.89768,54.2891,1.36516,0.00991232,0.00991232,0.00991232
8,40.7007,2.87646,5.15041,1.34244,0.55674,0.07143,0.10631,0.03013,2.92689,3.01785,1.32419,0.00988079,0.00988079,0.00988079
9,45.462,2.70613,3.53936,1.30397,0.67222,0.08929,0.1685,0.05087,2.65322,2.67531,1.24892,0.00984449,0.00984449,0.00984449
10,50.9581,2.68449,2.65837,1.31251,0.12667,0.1746,0.12252,0.03685,2.96217,3.4469,1.27462,0.00980345,0.00980345,0.00980345
11,55.7502,2.52912,2.54688,1.27116,0.58176,0.125,0.21267,0.0531,2.75588,2.75446,1.28314,0.00975773,0.00975773,0.00975773
12,61.521,2.60457,2.75368,1.26355,0.64769,0.34127,0.18405,0.05085,2.54976,5.1598,1.19719,0.00970736,0.00970736,0.00970736
13,66.5371,2.49845,2.31314,1.20161,0.69343,0.18254,0.15677,0.03658,2.84065,3.37352,1.28857,0.00965239,0.00965239,0.00965239
14,71.3919,2.69094,1.94782,1.36539,0.69075,0.19048,0.20733,0.05728,2.67655,3.85138,1.28664,0.00959289,0.00959289,0.00959289
15,76.7909,2.44496,2.32722,1.25198,0.52427,0.2996,0.33492,0.09706,2.44896,1.90266,1.23712,0.00952889,0.00952889,0.00952889
16,81.9746,2.44416,2.71412,1.18159,0.35478,0.36523,0.26576,0.06732,2.78002,1.89442,1.25033,0.00946048,0.00946048,0.00946048
17,86.789,2.45337,1.83945,1.20102,0.3392,0.41616,0.34624,0.09124,2.59074,1.92206,1.25268,0.00938772,0.00938772,0.00938772
18,91.7339,2.48026,1.71226,1.18866,0.40891,0.59237,0.39858,0.10249,2.42611,1.65801,1.20802,0.00931067,0.00931067,0.00931067
19,97.1603,2.29951,1.89364,1.16538,0.45166,0.51431,0.40248,0.11014,2.41158,1.76483,1.18081,0.00922942,0.00922942,0.00922942
20,102.577,2.32297,1.87537,1.16163,0.39957,0.53839,0.39994,0.10518,2.53288,2.44115,1.23639,0.00914405,0.00914405,0.00914405
21,107.47,2.32082,1.82612,1.12912,0.43535,0.60389,0.41358,0.11141,2.53456,3.1931,1.19455,0.00905463,0.00905463,0.00905463
22,113.47,2.36804,1.75279,1.14793,0.34943,0.57937,0.42441,0.11312,2.33661,3.18345,1.13506,0.00896127,0.00896127,0.00896127
23,119.116,2.20661,1.67957,1.1105,0.54432,0.55952,0.55747,0.16795,2.42417,1.98493,1.16796,0.00886404,0.00886404,0.00886404
24,124.638,2.45175,1.65215,1.14666,0.50792,0.58333,0.54803,0.17893,2.33301,1.54098,1.12554,0.00876305,0.00876305,0.00876305
25,129.976,2.32138,1.59852,1.15195,0.39124,0.65079,0.52717,0.13892,2.36065,2.99667,1.17724,0.00865839,0.00865839,0.00865839
26,135.199,2.29687,1.61202,1.15118,0.36978,0.6177,0.49009,0.13707,2.50503,1.61978,1.2218,0.00855018,0.00855018,0.00855018
27,140.008,2.38789,1.42704,1.16481,0.33972,0.59524,0.44073,0.12451,2.62113,1.85681,1.20247,0.00843851,0.00843851,0.00843851
28,144.843,2.30598,1.43344,1.13931,0.55883,0.53631,0.53609,0.15866,2.42815,1.98684,1.17325,0.00832349,0.00832349,0.00832349
29,149.68,2.21799,1.50167,1.1047,0.43149,0.52778,0.45389,0.13864,2.3744,1.73152,1.15653,0.00820525,0.00820525,0.00820525
30,154.538,2.30698,1.40014,1.13909,0.42479,0.66468,0.49071,0.16009,2.42687,1.46609,1.14825,0.00808389,0.00808389,0.00808389
31,159.546,2.30959,1.34016,1.12789,0.70805,0.69841,0.66697,0.21522,2.24297,1.43826,1.15234,0.00795954,0.00795954,0.00795954
32,165.161,2.22447,1.36937,1.14657,0.59655,0.80754,0.68068,0.21373,2.29223,1.48148,1.12849,0.00783231,0.00783231,0.00783231
33,170.519,2.10962,1.34587,1.1121,0.62117,0.65079,0.62585,0.21442,2.19102,1.50083,1.08991,0.00770234,0.00770234,0.00770234
34,175.68,2.18329,1.27927,1.10774,0.43007,0.48413,0.43013,0.14435,2.59072,1.4835,1.15832,0.00756976,0.00756976,0.00756976
35,180.481,2.291,1.3876,1.10006,0.40268,0.57015,0.48731,0.1434,2.50148,1.43302,1.14657,0.00743468,0.00743468,0.00743468
36,185.32,2.22228,1.29659,1.15184,0.65771,0.57937,0.62356,0.18147,2.37174,1.41411,1.1418,0.00729725,0.00729725,0.00729725
37,190.225,2.17361,1.31553,1.08434,0.5443,0.60723,0.50152,0.16647,2.3322,1.52073,1.14063,0.00715761,0.00715761,0.00715761
38,195.059,2.145,1.25611,1.1152,0.5512,0.6746,0.56013,0.17682,2.25256,1.41556,1.14424,0.00701588,0.00701588,0.00701588
39,199.948,2.11656,1.26164,1.12534,0.5787,0.61336,0.59413,0.19162,2.28645,1.6005,1.15455,0.00687222,0.00687222,0.00687222
40,204.818,2.21532,1.23768,1.10261,0.4862,0.73992,0.56262,0.18221,2.23568,1.50141,1.13459,0.00672675,0.00672675,0.00672675
41,209.798,1.99945,1.22211,1.07675,0.581,0.72817,0.62425,0.22008,2.28093,1.38686,1.1498,0.00657963,0.00657963,0.00657963
42,216.559,2.05769,1.20995,1.12248,0.5427,0.67659,0.58615,0.20897,2.28343,1.50181,1.14514,0.00643101,0.00643101,0.00643101
1,9.29475,5.32748,26.3804,3.50128,0.0001,0.01786,6e-05,1e-05,5.37779,16.8327,3.66761,0.0865,0.0015,0.0015
43,224.502,1.92018,1.16584,1.03025,0.63379,0.60913,0.61714,0.22751,2.33304,1.28807,1.15659,0.00628101,0.00628101,0.00628101
2,20.02,5.08131,9.33081,2.9965,0,0,0,0,4.87644,4.93337,2.78023,0.0720992,0.00309924,0.00309924
44,234.903,2.03798,1.15699,1.05882,0.68897,0.77386,0.71488,0.22598,2.33491,1.26662,1.1562,0.00612981,0.00612981,0.00612981
45,244.695,2.12058,1.12283,1.06738,0.69901,0.67063,0.62495,0.20919,2.39123,1.28357,1.16672,0.00597754,0.00597754,0.00597754
3,29.8232,4.18144,4.6542,1.98932,0.00095,0.05556,0.00077,0.00013,4.33089,3.86281,2.16678,0.0576954,0.00469541,0.00469541
46,253.218,2.03878,1.1776,1.07307,0.69677,0.6602,0.6073,0.18537,2.46111,1.26558,1.1764,0.00582435,0.00582435,0.00582435
4,38.6639,3.50991,3.37164,1.64594,0.10717,0.0733,0.02763,0.00634,3.60364,2.7818,1.64149,0.0432862,0.00628616,0.00628616
47,262.205,1.97653,1.18796,1.06279,0.64853,0.73016,0.65187,0.22477,2.34668,1.28095,1.1753,0.0056704,0.0056704,0.0056704
5,47.6471,3.08765,3.15325,1.45287,0.01388,0.15675,0.01565,0.00417,3.21834,4.47569,1.352,0.0288692,0.00786916,0.00786916
48,271.343,1.79679,1.10895,1.00068,0.6338,0.72024,0.68322,0.22946,2.248,1.29298,1.15183,0.00551584,0.00551584,0.00551584
6,56.6632,3.03241,4.36415,1.26813,0.30303,0.44048,0.10247,0.03255,2.99408,11.4017,1.34884,0.0144421,0.0094421,0.0094421
49,279.959,1.93946,1.11258,1.06333,0.6864,0.73016,0.67647,0.2219,2.25011,1.29395,1.15196,0.00536081,0.00536081,0.00536081
7,65.6415,2.74167,7.7407,1.32153,0.57746,0.0873,0.05719,0.01806,2.89768,54.2891,1.36516,0.00991232,0.00991232,0.00991232
50,289.258,2.0596,1.21122,1.05785,0.59801,0.76587,0.69487,0.24002,2.29435,1.32533,1.15478,0.00520548,0.00520548,0.00520548
8,74.5498,2.87646,5.15041,1.34244,0.55674,0.07143,0.10631,0.03013,2.92689,3.01785,1.32419,0.00988079,0.00988079,0.00988079
51,299.075,1.93395,1.16261,0.99547,0.65195,0.78175,0.67193,0.23469,2.22288,1.23676,1.11166,0.00505,0.00505,0.00505
9,84.205,2.70613,3.53936,1.30397,0.67222,0.08929,0.1685,0.05087,2.65322,2.67531,1.24892,0.00984449,0.00984449,0.00984449
52,309.128,2.01198,1.11759,1.05911,0.64082,0.76067,0.65229,0.22849,2.27011,1.23268,1.12416,0.00489452,0.00489452,0.00489452
10,94.2734,2.68449,2.65837,1.31251,0.12667,0.1746,0.12252,0.03685,2.96217,3.4469,1.27462,0.00980345,0.00980345,0.00980345
11,103.723,2.52912,2.54688,1.27116,0.58176,0.125,0.21267,0.0531,2.75588,2.75446,1.28314,0.00975773,0.00975773,0.00975773
53,318.598,1.88256,1.05913,1.01575,0.65386,0.7996,0.68356,0.22831,2.22077,1.19937,1.11766,0.00473919,0.00473919,0.00473919
54,327.623,1.91752,1.16615,1.00995,0.60392,0.75198,0.61601,0.1945,2.32647,1.23377,1.14966,0.00458416,0.00458416,0.00458416
12,113.09,2.60457,2.75368,1.26355,0.64769,0.34127,0.18405,0.05085,2.54976,5.1598,1.19719,0.00970736,0.00970736,0.00970736
55,336.79,1.92464,1.06892,1.03577,0.62087,0.71429,0.63511,0.21147,2.24757,1.20363,1.14906,0.0044296,0.0044296,0.0044296
13,122.093,2.49845,2.31314,1.20161,0.69343,0.18254,0.15677,0.03658,2.84065,3.37352,1.28857,0.00965239,0.00965239,0.00965239
56,345.715,1.88577,1.13873,1.04156,0.58854,0.71048,0.61316,0.212,2.2491,1.29757,1.136,0.00427565,0.00427565,0.00427565
14,131.009,2.69094,1.94782,1.36539,0.69075,0.19048,0.20733,0.05728,2.67655,3.85138,1.28664,0.00959289,0.00959289,0.00959289
57,354.644,1.86162,1.10335,1.01778,0.61161,0.68559,0.58567,0.19473,2.25816,1.21812,1.14248,0.00412246,0.00412246,0.00412246
15,140.11,2.44496,2.32722,1.25198,0.52427,0.2996,0.33492,0.09706,2.44896,1.90266,1.23712,0.00952889,0.00952889,0.00952889
58,363.727,1.9469,1.13396,1.02908,0.63442,0.66843,0.5732,0.18145,2.40756,1.22908,1.15014,0.00397019,0.00397019,0.00397019
16,149.19,2.44416,2.71412,1.18159,0.35478,0.36523,0.26576,0.06732,2.78002,1.89442,1.25033,0.00946048,0.00946048,0.00946048
59,372.996,1.81457,1.04572,1.01873,0.65736,0.66468,0.61195,0.22422,2.33862,1.23042,1.14293,0.00381899,0.00381899,0.00381899
17,158.207,2.45337,1.83945,1.20102,0.3392,0.41616,0.34624,0.09124,2.59074,1.92206,1.25268,0.00938772,0.00938772,0.00938772
60,381.979,1.86462,1.09578,1.00597,0.61027,0.62698,0.55951,0.1862,2.35983,1.21862,1.12953,0.00366899,0.00366899,0.00366899
18,167.271,2.48026,1.71226,1.18866,0.40891,0.59237,0.39858,0.10249,2.42611,1.65801,1.20802,0.00931067,0.00931067,0.00931067
61,390.912,1.80673,1.04902,0.96868,0.67439,0.64484,0.60544,0.22081,2.26754,1.25947,1.11701,0.00352037,0.00352037,0.00352037
19,176.398,2.29951,1.89364,1.16538,0.45166,0.51431,0.40248,0.11014,2.41158,1.76483,1.18081,0.00922942,0.00922942,0.00922942
62,400.943,1.8262,1.01648,1.00824,0.68803,0.61349,0.61199,0.22114,2.268,1.30764,1.12155,0.00337325,0.00337325,0.00337325
20,186.25,2.32297,1.87537,1.16163,0.39957,0.53839,0.39994,0.10518,2.53288,2.44115,1.23639,0.00914405,0.00914405,0.00914405
63,410.134,1.77887,1.01956,1.01312,0.7156,0.67698,0.65222,0.2332,2.20405,1.22719,1.12016,0.00322778,0.00322778,0.00322778
21,195.425,2.32082,1.82612,1.12912,0.43535,0.60389,0.41358,0.11141,2.53456,3.1931,1.19455,0.00905463,0.00905463,0.00905463
64,418.103,1.78785,0.99945,0.99278,0.64694,0.66865,0.62911,0.22335,2.21437,1.23115,1.12212,0.00308412,0.00308412,0.00308412
22,205.589,2.36804,1.75279,1.14793,0.34943,0.57937,0.42441,0.11312,2.33661,3.18345,1.13506,0.00896127,0.00896127,0.00896127
65,426.563,1.7974,1.02394,0.95966,0.64944,0.712,0.67541,0.25299,2.16839,1.26367,1.11153,0.00294239,0.00294239,0.00294239
23,214.495,2.20661,1.67957,1.1105,0.54432,0.55952,0.55747,0.16795,2.42417,1.98493,1.16796,0.00886404,0.00886404,0.00886404
66,435.507,1.68984,0.95552,1.00526,0.65966,0.71627,0.67028,0.24109,2.21743,1.28601,1.12158,0.00280275,0.00280275,0.00280275
24,223.716,2.45175,1.65215,1.14666,0.50792,0.58333,0.54803,0.17893,2.33301,1.54098,1.12554,0.00876305,0.00876305,0.00876305
67,444.321,1.79149,0.99125,0.98381,0.57749,0.73509,0.63394,0.2071,2.21728,1.30256,1.11843,0.00266532,0.00266532,0.00266532
25,232.569,2.32138,1.59852,1.15195,0.39124,0.65079,0.52717,0.13892,2.36065,2.99667,1.17724,0.00865839,0.00865839,0.00865839
68,453.233,1.77435,0.97493,0.98869,0.58681,0.69554,0.62414,0.22081,2.15957,1.25698,1.10903,0.00253024,0.00253024,0.00253024
26,241.718,2.29687,1.61202,1.15118,0.36978,0.6177,0.49009,0.13707,2.50503,1.61978,1.2218,0.00855018,0.00855018,0.00855018
69,461.942,1.87629,1.20168,1.0005,0.60803,0.65476,0.58361,0.2177,2.2181,1.23612,1.11649,0.00239766,0.00239766,0.00239766
27,250.619,2.38789,1.42704,1.16481,0.33972,0.59524,0.44073,0.12451,2.62113,1.85681,1.20247,0.00843851,0.00843851,0.00843851
70,470.687,1.6431,0.92843,0.95669,0.61406,0.65476,0.61313,0.2226,2.22929,1.21153,1.11509,0.00226769,0.00226769,0.00226769
28,259.708,2.30598,1.43344,1.13931,0.55883,0.53631,0.53609,0.15866,2.42815,1.98684,1.17325,0.00832349,0.00832349,0.00832349
71,479.278,1.83168,1.01793,0.98327,0.61052,0.6369,0.6002,0.23288,2.2115,1.17655,1.0932,0.00214046,0.00214046,0.00214046
29,268.247,2.21799,1.50167,1.1047,0.43149,0.52778,0.45389,0.13864,2.3744,1.73152,1.15653,0.00820525,0.00820525,0.00820525
72,488.687,1.66731,1.00288,0.96523,0.65082,0.64777,0.60174,0.22471,2.29581,1.22663,1.10735,0.00201611,0.00201611,0.00201611
30,276.886,2.30698,1.40014,1.13909,0.42479,0.66468,0.49071,0.16009,2.42687,1.46609,1.14825,0.00808389,0.00808389,0.00808389
73,497.468,1.70695,0.95432,0.97449,0.63292,0.67063,0.60557,0.24404,2.2636,1.22296,1.11468,0.00189475,0.00189475,0.00189475
31,285.924,2.30959,1.34016,1.12789,0.70805,0.69841,0.66697,0.21522,2.24297,1.43826,1.15234,0.00795954,0.00795954,0.00795954
74,505.047,1.60834,0.9207,0.9623,0.66702,0.68091,0.63728,0.2423,2.27409,1.23823,1.1244,0.00177651,0.00177651,0.00177651
32,296.001,2.22447,1.36937,1.14657,0.59655,0.80754,0.68068,0.21373,2.29223,1.48148,1.12849,0.00783231,0.00783231,0.00783231
75,513.496,1.50563,0.8581,0.9046,0.63566,0.69643,0.64148,0.2389,2.29812,1.24824,1.11129,0.00166149,0.00166149,0.00166149
33,305.336,2.10962,1.34587,1.1121,0.62117,0.65079,0.62585,0.21442,2.19102,1.50083,1.08991,0.00770234,0.00770234,0.00770234
76,522.55,1.59866,0.90805,0.96759,0.66448,0.68056,0.65389,0.23925,2.29282,1.24396,1.11029,0.00154982,0.00154982,0.00154982
34,313.971,2.18329,1.27927,1.10774,0.43007,0.48413,0.43013,0.14435,2.59072,1.4835,1.15832,0.00756976,0.00756976,0.00756976
77,531.39,1.56803,0.88121,0.95435,0.679,0.65278,0.63832,0.24114,2.30127,1.25031,1.11665,0.00144161,0.00144161,0.00144161
35,323.135,2.291,1.3876,1.10006,0.40268,0.57015,0.48731,0.1434,2.50148,1.43302,1.14657,0.00743468,0.00743468,0.00743468
78,540,1.55264,0.89698,0.93211,0.66778,0.69841,0.64602,0.2456,2.25869,1.24571,1.10622,0.00133695,0.00133695,0.00133695
36,331.98,2.22228,1.29659,1.15184,0.65771,0.57937,0.62356,0.18147,2.37174,1.41411,1.1418,0.00729725,0.00729725,0.00729725
79,548.598,1.61599,0.88328,0.95744,0.67428,0.73214,0.67468,0.261,2.18824,1.20585,1.09215,0.00123596,0.00123596,0.00123596
37,340.592,2.17361,1.31553,1.08434,0.5443,0.60723,0.50152,0.16647,2.3322,1.52073,1.14063,0.00715761,0.00715761,0.00715761
80,558.011,1.65854,0.85394,0.9655,0.67457,0.7091,0.64693,0.25873,2.22353,1.21304,1.09529,0.00113873,0.00113873,0.00113873
38,349.49,2.145,1.25611,1.1152,0.5512,0.6746,0.56013,0.17682,2.25256,1.41556,1.14424,0.00701588,0.00701588,0.00701588
81,567.205,1.6051,0.86176,0.96084,0.66996,0.67768,0.64654,0.24672,2.26414,1.22237,1.10055,0.00104537,0.00104537,0.00104537
39,357.464,2.11656,1.26164,1.12534,0.5787,0.61336,0.59413,0.19162,2.28645,1.6005,1.15455,0.00687222,0.00687222,0.00687222
82,576.99,1.66535,0.88821,0.97586,0.59859,0.67857,0.66585,0.24685,2.21627,1.20971,1.10046,0.000955951,0.000955951,0.000955951
40,366.254,2.21532,1.23768,1.10261,0.4862,0.73992,0.56262,0.18221,2.23568,1.50141,1.13459,0.00672675,0.00672675,0.00672675
83,586.101,1.5951,0.88252,0.9657,0.60803,0.6923,0.66756,0.26342,2.19216,1.18897,1.10296,0.000870577,0.000870577,0.000870577
41,374.361,1.99945,1.22211,1.07675,0.581,0.72817,0.62425,0.22008,2.28093,1.38686,1.1498,0.00657963,0.00657963,0.00657963
84,594.648,1.5302,0.83645,0.91644,0.68798,0.66931,0.69428,0.27509,2.17672,1.19632,1.09805,0.000789327,0.000789327,0.000789327
42,383.763,2.05769,1.20995,1.12248,0.5427,0.67659,0.58615,0.20897,2.28343,1.50181,1.14514,0.00643101,0.00643101,0.00643101
85,603.852,1.69645,0.8787,0.98503,0.73297,0.66154,0.7019,0.27526,2.18251,1.21963,1.09821,0.000712282,0.000712282,0.000712282
43,392.38,1.92018,1.16584,1.03025,0.63379,0.60913,0.61714,0.22751,2.33304,1.28807,1.15659,0.00628101,0.00628101,0.00628101
86,613.113,1.67129,1.06021,0.97457,0.73523,0.68254,0.70291,0.27391,2.2113,1.21946,1.10295,0.000639518,0.000639518,0.000639518
44,401.361,2.03798,1.15699,1.05882,0.68897,0.77386,0.71488,0.22598,2.33491,1.26662,1.1562,0.00612981,0.00612981,0.00612981
87,621.54,1.60083,0.85584,0.95187,0.71011,0.64683,0.6477,0.24588,2.24227,1.24788,1.10222,0.000571106,0.000571106,0.000571106
45,410.673,2.12058,1.12283,1.06738,0.69901,0.67063,0.62495,0.20919,2.39123,1.28357,1.16672,0.00597754,0.00597754,0.00597754
88,630.304,1.52698,0.8651,0.9377,0.7449,0.64683,0.67437,0.24622,2.2488,1.22614,1.10066,0.000507115,0.000507115,0.000507115
46,418.895,2.03878,1.1776,1.07307,0.69677,0.6602,0.6073,0.18537,2.46111,1.26558,1.1764,0.00582435,0.00582435,0.00582435
89,638.864,1.52037,0.83932,0.92451,0.73952,0.66468,0.67607,0.24512,2.2483,1.22489,1.10325,0.000447606,0.000447606,0.000447606
47,427.234,1.97653,1.18796,1.06279,0.64853,0.73016,0.65187,0.22477,2.34668,1.28095,1.1753,0.0056704,0.0056704,0.0056704
90,647.509,1.60749,0.83961,0.96695,0.73037,0.66468,0.70556,0.24948,2.24843,1.2014,1.10387,0.00039264,0.00039264,0.00039264
48,435.639,1.79679,1.10895,1.00068,0.6338,0.72024,0.68322,0.22946,2.248,1.29298,1.15183,0.00551584,0.00551584,0.00551584
91,656.129,1.68598,0.93662,0.97885,0.72302,0.68764,0.70864,0.25701,2.215,1.18639,1.10551,0.00034227,0.00034227,0.00034227
49,443.53,1.93946,1.11258,1.06333,0.6864,0.73016,0.67647,0.2219,2.25011,1.29395,1.15196,0.00536081,0.00536081,0.00536081
92,665.633,1.57562,0.90764,0.92359,0.68136,0.68056,0.68016,0.24768,2.2391,1.198,1.11028,0.000296546,0.000296546,0.000296546
50,451.795,2.0596,1.21122,1.05785,0.59801,0.76587,0.69487,0.24002,2.29435,1.32533,1.15478,0.00520548,0.00520548,0.00520548
93,674.084,1.56292,0.91369,0.95364,0.70333,0.69841,0.70582,0.24421,2.25304,1.20139,1.11379,0.000255513,0.000255513,0.000255513
51,460.518,1.93395,1.16261,0.99547,0.65195,0.78175,0.67193,0.23469,2.22288,1.23676,1.11166,0.00505,0.00505,0.00505
94,682.295,1.58147,0.84022,0.96027,0.70662,0.69841,0.70178,0.23693,2.25862,1.22149,1.11398,0.000219212,0.000219212,0.000219212
52,469.304,2.01198,1.11759,1.05911,0.64082,0.76067,0.65229,0.22849,2.27011,1.23268,1.12416,0.00489452,0.00489452,0.00489452
95,691.106,1.53539,0.83888,0.95109,0.70816,0.69841,0.7113,0.2417,2.26023,1.22709,1.11729,0.000187678,0.000187678,0.000187678
53,477.728,1.88256,1.05913,1.01575,0.65386,0.7996,0.68356,0.22831,2.22077,1.19937,1.11766,0.00473919,0.00473919,0.00473919
96,699.631,1.66337,0.89413,0.97022,0.67923,0.68056,0.67047,0.23701,2.26266,1.22699,1.11522,0.000160943,0.000160943,0.000160943
54,487.04,1.91752,1.16615,1.00995,0.60392,0.75198,0.61601,0.1945,2.32647,1.23377,1.14966,0.00458416,0.00458416,0.00458416
97,708.551,1.61913,0.86833,0.95,0.70809,0.69841,0.70532,0.24535,2.27101,1.21715,1.11473,0.000139032,0.000139032,0.000139032
55,496.163,1.92464,1.06892,1.03577,0.62087,0.71429,0.63511,0.21147,2.24757,1.20363,1.14906,0.0044296,0.0044296,0.0044296
98,717.337,1.42161,0.80556,0.88564,0.7159,0.69841,0.70559,0.24695,2.25627,1.2039,1.11305,0.000121968,0.000121968,0.000121968
56,505.228,1.88577,1.13873,1.04156,0.58854,0.71048,0.61316,0.212,2.2491,1.29757,1.136,0.00427565,0.00427565,0.00427565
99,726.005,1.50391,0.83269,0.92147,0.71679,0.69841,0.70604,0.24989,2.24462,1.19744,1.10868,0.000109768,0.000109768,0.000109768
57,514.182,1.86162,1.10335,1.01778,0.61161,0.68559,0.58567,0.19473,2.25816,1.21812,1.14248,0.00412246,0.00412246,0.00412246
100,735.177,1.58668,0.88937,0.93169,0.72679,0.69841,0.70236,0.24979,2.24772,1.20803,1.10971,0.000102443,0.000102443,0.000102443
58,521.72,1.9469,1.13396,1.02908,0.63442,0.66843,0.5732,0.18145,2.40756,1.22908,1.15014,0.00397019,0.00397019,0.00397019
59,527.115,1.81457,1.04572,1.01873,0.65736,0.66468,0.61195,0.22422,2.33862,1.23042,1.14293,0.00381899,0.00381899,0.00381899
60,532.124,1.86462,1.09578,1.00597,0.61027,0.62698,0.55951,0.1862,2.35983,1.21862,1.12953,0.00366899,0.00366899,0.00366899
61,537.089,1.80673,1.04902,0.96868,0.67439,0.64484,0.60544,0.22081,2.26754,1.25947,1.11701,0.00352037,0.00352037,0.00352037
62,542.513,1.8262,1.01648,1.00824,0.68803,0.61349,0.61199,0.22114,2.268,1.30764,1.12155,0.00337325,0.00337325,0.00337325
63,547.479,1.77887,1.01956,1.01312,0.7156,0.67698,0.65222,0.2332,2.20405,1.22719,1.12016,0.00322778,0.00322778,0.00322778
64,552.493,1.78785,0.99945,0.99278,0.64694,0.66865,0.62911,0.22335,2.21437,1.23115,1.12212,0.00308412,0.00308412,0.00308412
65,557.582,1.7974,1.02394,0.95966,0.64944,0.712,0.67541,0.25299,2.16839,1.26367,1.11153,0.00294239,0.00294239,0.00294239
66,562.987,1.68984,0.95552,1.00526,0.65966,0.71627,0.67028,0.24109,2.21743,1.28601,1.12158,0.00280275,0.00280275,0.00280275
67,568.063,1.79149,0.99125,0.98381,0.57749,0.73509,0.63394,0.2071,2.21728,1.30256,1.11843,0.00266532,0.00266532,0.00266532
68,573.195,1.77435,0.97493,0.98869,0.58681,0.69554,0.62414,0.22081,2.15957,1.25698,1.10903,0.00253024,0.00253024,0.00253024
69,578.226,1.87629,1.20168,1.0005,0.60803,0.65476,0.58361,0.2177,2.2181,1.23612,1.11649,0.00239766,0.00239766,0.00239766
70,583.1,1.6431,0.92843,0.95669,0.61406,0.65476,0.61313,0.2226,2.22929,1.21153,1.11509,0.00226769,0.00226769,0.00226769
71,588.236,1.83168,1.01793,0.98327,0.61052,0.6369,0.6002,0.23288,2.2115,1.17655,1.0932,0.00214046,0.00214046,0.00214046
72,593.671,1.66731,1.00288,0.96523,0.65082,0.64777,0.60174,0.22471,2.29581,1.22663,1.10735,0.00201611,0.00201611,0.00201611
73,598.65,1.70695,0.95432,0.97449,0.63292,0.67063,0.60557,0.24404,2.2636,1.22296,1.11468,0.00189475,0.00189475,0.00189475
74,603.813,1.60834,0.9207,0.9623,0.66702,0.68091,0.63728,0.2423,2.27409,1.23823,1.1244,0.00177651,0.00177651,0.00177651
75,608.973,1.50563,0.8581,0.9046,0.63566,0.69643,0.64148,0.2389,2.29812,1.24824,1.11129,0.00166149,0.00166149,0.00166149
76,613.983,1.59866,0.90805,0.96759,0.66448,0.68056,0.65389,0.23925,2.29282,1.24396,1.11029,0.00154982,0.00154982,0.00154982
77,619.023,1.56803,0.88121,0.95435,0.679,0.65278,0.63832,0.24114,2.30127,1.25031,1.11665,0.00144161,0.00144161,0.00144161
78,624.034,1.55264,0.89698,0.93211,0.66778,0.69841,0.64602,0.2456,2.25869,1.24571,1.10622,0.00133695,0.00133695,0.00133695
79,629.147,1.61599,0.88328,0.95744,0.67428,0.73214,0.67468,0.261,2.18824,1.20585,1.09215,0.00123596,0.00123596,0.00123596
80,634.405,1.65854,0.85394,0.9655,0.67457,0.7091,0.64693,0.25873,2.22353,1.21304,1.09529,0.00113873,0.00113873,0.00113873
81,639.224,1.6051,0.86176,0.96084,0.66996,0.67768,0.64654,0.24672,2.26414,1.22237,1.10055,0.00104537,0.00104537,0.00104537
82,644.411,1.66535,0.88821,0.97586,0.59859,0.67857,0.66585,0.24685,2.21627,1.20971,1.10046,0.000955951,0.000955951,0.000955951
83,649.084,1.5951,0.88252,0.9657,0.60803,0.6923,0.66756,0.26342,2.19216,1.18897,1.10296,0.000870577,0.000870577,0.000870577
84,654.265,1.5302,0.83645,0.91644,0.68798,0.66931,0.69428,0.27509,2.17672,1.19632,1.09805,0.000789327,0.000789327,0.000789327
85,659.423,1.69645,0.8787,0.98503,0.73297,0.66154,0.7019,0.27526,2.18251,1.21963,1.09821,0.000712282,0.000712282,0.000712282
86,664.537,1.67129,1.06021,0.97457,0.73523,0.68254,0.70291,0.27391,2.2113,1.21946,1.10295,0.000639518,0.000639518,0.000639518
87,669.396,1.60083,0.85584,0.95187,0.71011,0.64683,0.6477,0.24588,2.24227,1.24788,1.10222,0.000571106,0.000571106,0.000571106
88,674.253,1.52698,0.8651,0.9377,0.7449,0.64683,0.67437,0.24622,2.2488,1.22614,1.10066,0.000507115,0.000507115,0.000507115
89,679.2,1.52037,0.83932,0.92451,0.73952,0.66468,0.67607,0.24512,2.2483,1.22489,1.10325,0.000447606,0.000447606,0.000447606
90,683.869,1.60749,0.83961,0.96695,0.73037,0.66468,0.70556,0.24948,2.24843,1.2014,1.10387,0.00039264,0.00039264,0.00039264
91,689.042,1.68598,0.93662,0.97885,0.72302,0.68764,0.70864,0.25701,2.215,1.18639,1.10551,0.00034227,0.00034227,0.00034227
92,694.396,1.57562,0.90764,0.92359,0.68136,0.68056,0.68016,0.24768,2.2391,1.198,1.11028,0.000296546,0.000296546,0.000296546
93,699.058,1.56292,0.91369,0.95364,0.70333,0.69841,0.70582,0.24421,2.25304,1.20139,1.11379,0.000255513,0.000255513,0.000255513
94,703.818,1.58147,0.84022,0.96027,0.70662,0.69841,0.70178,0.23693,2.25862,1.22149,1.11398,0.000219212,0.000219212,0.000219212
95,708.552,1.53539,0.83888,0.95109,0.70816,0.69841,0.7113,0.2417,2.26023,1.22709,1.11729,0.000187678,0.000187678,0.000187678
96,713.6,1.66337,0.89413,0.97022,0.67923,0.68056,0.67047,0.23701,2.26266,1.22699,1.11522,0.000160943,0.000160943,0.000160943
97,718.338,1.61913,0.86833,0.95,0.70809,0.69841,0.70532,0.24535,2.27101,1.21715,1.11473,0.000139032,0.000139032,0.000139032
98,723.098,1.42161,0.80556,0.88564,0.7159,0.69841,0.70559,0.24695,2.25627,1.2039,1.11305,0.000121968,0.000121968,0.000121968
99,727.884,1.50391,0.83269,0.92147,0.71679,0.69841,0.70604,0.24989,2.24462,1.19744,1.10868,0.000109768,0.000109768,0.000109768
100,732.836,1.58668,0.88937,0.93169,0.72679,0.69841,0.70236,0.24979,2.24772,1.20803,1.10971,0.000102443,0.000102443,0.000102443
